Fish_ID,Year,Date,Species,TL_mm,Mass_g,Diet_Mass_g,GutFullness,Sex,Liver_Mass_g,Gonad_Mass_g,Heart_Mass_g,prey_Amphipod,prey_Gammarus sp.,prey_Onisimus sp.,prey_Krill,prey_Digested,prey_Copepod,prey_Fish,prey_Mysid,prey_Gammaracanthus sp.,prey_Sea Angel,prey_Algae,prey_Chironomid,prey_Miscellaneous Invert,prey_Undigestible,prey_Miscellaneous,prey_Arctic cod,prey_Sandlance,prey_Jellyfish,prey_Themisto sp.
FH10,2017,7/23/17,Fourhorn,6.6,17,NA,4,I,NA,NA,NA,1,0,0,0,0,0,0,0,0,0,0,0,0,0,0,0,0,0,0
FH105,2017,8/7/17,Fourhorn,15.3,33.9,NA,2,M,0.5,0.5,NA,0,1,0,0,0,0,0,0,0,0,0,0,0,0,0,0,0,0,0
FH106,2017,8/7/17,Fourhorn,14.7,25.5,NA,2,M,0.6,1.4,NA,1,1,1,0,0,0,0,0,0,0,0,0,0,0,0,0,0,0,0
FH12,2017,7/23/17,Fourhorn,25.3,147.6,NA,3,M,NA,NA,NA,1,0,0,0,0,0,0,0,0,0,0,0,0,0,0,0,0,0,0
FH13,2017,7/24/17,Fourhorn,15.5,57.1,NA,5,F,NA,NA,NA,1,0,0,0,0,0,0,0,0,0,0,0,0,0,0,0,0,0,0
FH141,2017,8/9/17,Fourhorn,17.5,48.4,NA,3,Unknown,0.7,0.8,NA,1,0,0,1,0,0,0,0,0,0,0,0,0,0,0,0,0,0,0
FH142,2017,8/9/17,Fourhorn,25.5,150.2,NA,1,M,3.8,8.8,NA,1,0,0,0,0,0,0,0,0,0,0,0,0,0,0,0,0,0,0
FH143,2017,8/9/17,Fourhorn,20,68.1,NA,2,M,2.4,1.6,NA,1,0,0,1,1,0,0,0,0,0,0,0,0,0,0,0,0,0,0
FH144,2017,8/9/17,Fourhorn,20.5,69.2,NA,1,F,1.6,3.6,NA,0,0,0,0,0,1,0,0,0,0,0,0,0,0,0,0,0,0,0
FH151,2017,8/10/17,Fourhorn,18,50.1,NA,3,M,1.1,1.1,NA,0,0,0,1,0,1,0,0,0,0,0,0,0,0,0,0,0,0,0
FH154,2017,8/10/17,Fourhorn,18.8,59.7,NA,2,M,2.2,0.3,NA,1,0,0,1,0,0,0,0,0,0,0,0,0,0,0,0,0,0,0
FH155,2017,8/10/17,Fourhorn,26.5,231.6,NA,1,F,14.9,21.2,NA,0,0,0,1,0,0,0,0,0,0,0,0,0,0,0,0,0,0,0
FH156,2017,8/10/17,Fourhorn,27.2,280.8,NA,5,F,13.2,11.7,NA,0,1,1,1,0,0,1,0,0,0,0,0,0,0,0,0,0,0,0
FH157,2017,8/10/17,Fourhorn,28,235.5,NA,2,F,18.1,19.4,NA,0,0,0,0,0,0,0,1,0,0,0,0,0,0,0,0,0,0,0
FH18,2017,7/24/17,Fourhorn,21,100,NA,5,F,NA,NA,NA,1,0,0,0,0,0,0,0,0,0,0,0,0,0,0,0,0,0,0
FH180,2017,8/13/17,Fourhorn,19.5,63.5,NA,3,M,1,4.9,NA,0,0,0,1,0,1,0,0,0,0,0,0,0,0,0,0,0,0,0
FH181,2017,8/13/17,Fourhorn,17.2,40.8,NA,3,F,0.9,0.5,NA,1,0,0,0,1,0,0,0,0,0,0,0,0,0,0,0,0,0,0
FH19,2017,7/24/17,Fourhorn,22.2,117.2,NA,5,M,2.7,5.2,NA,1,0,0,1,0,0,0,0,1,0,0,0,0,0,0,0,0,0,0
FH197,2017,8/16/17,Fourhorn,26.2,217.5,NA,2,F,13.9,21.8,NA,0,0,1,1,0,0,0,0,0,0,0,0,0,0,0,0,0,0,0
FH20,2017,7/24/17,Fourhorn,22.2,99.8,NA,3,F,3.5,2,NA,1,0,0,1,1,0,0,1,0,0,0,0,0,0,0,0,0,0,0
FH21,2017,7/24/17,Fourhorn,16.5,46.2,NA,2,M,1.3,1.6,NA,1,0,0,1,0,0,0,1,0,0,0,0,0,0,0,0,0,0,0
FH22,2017,7/24/17,Fourhorn,20.7,74.2,NA,2,F,3.1,2.3,NA,1,0,0,1,0,0,0,1,0,0,0,0,0,0,0,0,0,0,0
FH221,2017,8/17/17,Fourhorn,21.2,NA,NA,2,F,2.2,1.4,NA,1,0,0,1,1,0,0,1,0,1,0,0,0,0,0,0,0,0,0
FH222,2017,8/17/17,Fourhorn,21.7,105.5,NA,4,F,4.7,6.6,NA,1,0,0,1,0,0,1,0,0,0,0,0,0,0,0,0,0,0,0
FH223,2017,8/17/17,Fourhorn,20.1,73.8,NA,3,F,2.3,1.6,NA,1,1,1,0,0,0,0,1,1,0,1,0,0,0,0,0,0,0,0
FH224,2017,8/17/17,Fourhorn,17.9,49.9,NA,4,F,1.1,0.9,NA,1,0,1,1,1,0,0,1,0,0,0,0,0,0,0,0,0,0,0
FH225,2017,8/17/17,Fourhorn,14,23.6,NA,3,F,0.6,NA,NA,1,0,0,1,0,0,0,1,0,0,0,0,0,0,0,0,0,0,0
FH232,2017,8/18/17,Fourhorn,28.1,278.4,NA,3,F,17.8,24.5,NA,0,0,1,0,1,0,1,0,0,0,0,0,0,0,0,0,0,0,0
FH233,2017,8/19/17,Fourhorn,21.8,92.6,NA,2,M,1.3,5,NA,1,0,0,0,0,0,0,0,0,0,0,0,0,0,0,0,0,0,0
FH234,2017,8/19/17,Fourhorn,27.5,212.2,NA,2,F,10.5,15.4,NA,1,0,1,0,0,1,1,0,0,0,0,0,0,0,0,0,0,0,0
FH235,2017,8/19/17,Fourhorn,18.3,60.3,NA,4,M,0.8,2.6,NA,0,0,1,0,0,0,0,1,0,0,0,1,0,0,0,0,0,0,0
FH236,2017,8/19/17,Fourhorn,23.3,93.3,NA,3,M,1.9,4.4,NA,1,1,1,1,0,0,0,1,0,0,0,1,0,0,0,0,0,0,0
FH237,2017,8/19/17,Fourhorn,24,103.9,NA,2,F,4.3,4.3,NA,1,0,1,0,0,0,1,0,0,0,0,0,0,0,0,0,0,0,0
FH24,2017,7/25/17,Fourhorn,13.9,22.3,NA,1,M,0.3,0.2,NA,1,0,0,1,0,0,0,1,0,0,0,0,0,0,0,0,0,0,0
FH249,2017,8/21/17,Fourhorn,26.4,192.1,NA,3,F,15.4,18.9,NA,0,0,1,0,0,1,0,0,0,0,0,0,0,0,0,0,0,0,0
FH251,2017,8/21/17,Fourhorn,14,26,NA,4,M,0.4,0.1,NA,0,1,0,1,0,0,0,0,0,0,0,0,0,0,0,0,0,0,0
FH257,2017,8/24/17,Fourhorn,11.5,12,NA,4,M,0.6,0.8,NA,0,1,0,0,0,0,0,0,0,0,0,0,1,0,0,0,0,0,0
FH258,2017,8/24/17,Fourhorn,7,5,NA,5,F,0.5,NA,NA,0,0,1,0,0,0,1,0,0,0,0,0,0,0,0,0,0,0,0
FH26,2017,7/26/17,Fourhorn,16.2,44.6,NA,3,M,1,0.4,NA,1,0,0,1,0,0,0,0,0,0,0,0,0,0,0,0,0,0,0
FH264,2017,8/24/17,Fourhorn,13,20,NA,3,M,0.7,0.1,NA,0,0,0,0,0,1,0,0,0,0,0,0,0,0,0,0,0,0,0
FH265,2017,8/24/17,Fourhorn,12,15,NA,2,M,0.5,NA,NA,0,0,0,0,0,1,0,0,0,0,0,0,0,0,0,0,0,0,0
FH266,2017,8/25/17,Fourhorn,21.5,79,NA,3,M,1.6,1.9,NA,0,0,0,0,0,1,0,0,0,0,0,0,0,1,0,0,0,0,0
FH267,2017,8/25/17,Fourhorn,16.4,31.7,NA,5,Unknown,0.5,0.4,NA,0,0,0,0,1,0,0,0,0,0,0,0,0,0,0,0,0,0,0
FH269,2017,8/26/17,Fourhorn,17.4,57.3,NA,5,NA,1.1,0.3,NA,0,0,0,1,0,0,0,0,0,0,0,0,0,0,0,0,0,0,0
FH27,2017,7/26/17,Fourhorn,27,218.6,NA,2,F,12.3,8.1,NA,1,0,0,0,0,0,0,0,0,0,1,0,0,1,0,0,0,0,0
FH278,2017,8/29/17,Fourhorn,30,400,NA,5,F,27.7,26.7,NA,0,0,0,1,0,0,1,1,0,0,0,0,0,0,0,0,0,0,0
FH28,2017,7/26/17,Fourhorn,25.4,175,NA,3,F,9.5,9.6,NA,1,0,0,1,0,0,0,0,1,0,0,0,0,0,0,0,0,0,0
FH315,2017,9/3/17,Fourhorn,18.2,64.6,NA,5,F,1.6,0.9,NA,1,0,0,1,0,0,1,0,0,0,0,0,0,0,0,0,0,0,0
FH6,2017,7/23/17,Fourhorn,22,93,NA,5,M,NA,NA,NA,1,0,0,0,0,0,0,0,0,0,0,0,0,0,0,0,0,0,0
FH7,2017,7/23/17,Fourhorn,19,69,NA,5,F,NA,NA,NA,1,0,0,0,0,0,0,0,0,0,0,0,0,0,0,0,0,0,0
FH78,2017,8/2/17,Fourhorn,23.3,114.4,NA,2,F,5.7,3.6,NA,1,0,0,1,0,0,0,0,0,0,0,1,0,0,0,0,0,0,0
FH79,2017,8/2/17,Fourhorn,24,84.8,NA,3,F,3.4,3,NA,1,0,0,1,0,0,0,0,0,0,0,1,0,0,0,0,0,0,0
FH8,2017,7/23/17,Fourhorn,16.5,43,NA,4,M,NA,NA,NA,1,0,0,0,1,0,0,0,0,0,0,0,0,0,0,0,0,0,0
FH80,2017,8/2/17,Fourhorn,17.9,27.9,NA,2,M,0.6,0.1,NA,1,0,0,0,1,0,0,0,0,0,0,0,0,0,0,0,0,0,0
FH81,2017,8/2/17,Fourhorn,18.8,33.7,NA,3,M,0.6,1.4,NA,0,0,0,1,0,0,0,0,0,0,0,0,0,0,0,0,0,0,0
FH82,2017,8/3/17,Fourhorn,29,277.2,NA,3,F,17.3,23,NA,1,0,0,0,0,0,1,0,0,0,0,0,0,0,0,0,0,0,0
FH83,2017,8/3/17,Fourhorn,26.5,184,NA,3,F,10,12.2,NA,1,0,0,0,0,0,0,0,0,0,0,0,0,0,0,0,0,0,0
FH84,2017,8/3/17,Fourhorn,25.5,155.2,NA,2,M,3.5,8.5,NA,1,0,0,0,0,0,0,0,0,0,0,0,0,0,0,0,0,0,0
FH85,2017,8/3/17,Fourhorn,21,76.9,NA,3,M,2.4,2.7,NA,1,0,0,1,0,0,0,0,0,0,0,0,0,0,0,0,0,0,0
FH86,2017,8/3/17,Fourhorn,22,84.8,NA,2,M,2.4,2.4,NA,1,0,0,0,0,0,0,0,0,0,0,0,0,0,0,0,0,0,0
FH87,2017,8/3/17,Fourhorn,14.5,23,NA,2,M,0.5,0.7,NA,1,0,0,1,0,0,0,0,0,0,0,0,0,0,0,0,0,0,0
FH88,2017,8/3/17,Fourhorn,14.5,24.6,NA,2,M,0.7,0.3,NA,1,0,0,1,0,0,0,0,0,0,0,0,0,1,0,0,0,0,0
FH93,2017,8/5/17,Fourhorn,9.4,5.9,NA,3,NA,0.2,NA,NA,1,0,0,0,0,0,0,0,0,0,0,0,0,0,0,0,0,0,0
S1,2017,7/24/17,Slimy,14.2,42.4,NA,5,M,1.4,0.5,NA,1,0,0,1,0,0,0,0,1,0,0,0,0,0,0,0,0,0,0
S12,2017,7/26/17,Slimy,15.2,52.1,NA,3,M,2,1.1,NA,1,0,0,1,0,0,0,0,1,0,0,0,0,0,0,0,0,0,0
S13,2017,7/26/17,Slimy,16,59.2,NA,4,F,2.7,1.9,NA,1,0,0,1,0,0,0,0,1,0,0,0,0,0,0,0,0,0,0
S2,2017,7/24/17,Slimy,13.2,33.3,NA,4,F,1.4,0.5,NA,0,1,1,0,0,0,0,0,1,0,0,0,0,0,0,0,0,0,0
S22,2017,8/2/17,Slimy,14,18.3,NA,4,F,0.6,0.3,NA,1,0,0,0,1,0,0,0,0,0,0,0,0,0,0,0,0,0,0
S23,2017,8/2/17,Slimy,11.4,6.7,NA,3,M,0.3,NA,NA,1,0,0,1,1,0,0,0,0,0,0,0,0,0,0,0,0,0,0
S24,2017,8/3/17,Slimy,17.7,69.7,NA,3,F,3.5,2.3,NA,1,0,0,0,0,0,0,0,0,0,0,0,0,1,0,0,0,0,0
S25,2017,8/3/17,Slimy,17.7,73.7,NA,4,F,3.8,3.7,NA,1,0,0,0,0,0,0,0,1,0,0,0,0,0,0,0,0,0,0
S26,2017,8/3/17,Slimy,16,59.7,NA,1,F,3.3,1.9,NA,1,0,0,0,0,0,0,0,0,0,0,0,0,0,0,0,0,0,0
S27,2017,8/3/17,Slimy,17.7,80,NA,3,F,3.6,3.1,NA,1,0,0,0,1,0,0,0,1,0,0,0,0,0,0,0,0,0,0
S28,2017,8/3/17,Slimy,18,73.4,NA,3,F,3,3.8,NA,1,0,0,0,0,0,1,0,1,0,0,0,0,1,0,0,0,0,0
S29,2017,8/3/17,Slimy,17.6,72.2,NA,4,F,3.5,2.2,NA,1,0,0,1,0,0,0,0,1,0,0,0,0,1,0,0,0,0,0
S3,2017,7/24/17,Slimy,4.2,0.8,NA,3,I,NA,NA,NA,0,0,1,0,0,0,0,0,0,0,0,0,0,0,0,0,0,0,0
S30,2017,8/3/17,Slimy,15.4,49.3,NA,4,F,2.3,1.3,NA,1,0,0,1,1,0,0,0,0,0,0,0,0,0,0,0,0,0,0
S31,2017,8/3/17,Slimy,15.6,45.4,NA,4,F,1.9,1.3,NA,1,0,0,0,0,0,0,0,0,0,0,1,0,0,0,0,0,0,0
S32,2017,8/6/17,Fourhorn,17.9,78.6,NA,5,M,4.2,0.1,NA,1,0,0,1,0,0,0,0,1,0,0,0,0,0,0,0,0,0,0
S33,2017,8/6/17,Fourhorn,16,50.5,NA,5,M,1.5,NA,NA,1,1,0,1,0,1,0,0,0,0,0,0,0,0,0,0,0,0,0
S34,2017,8/9/17,Slimy,17,62.5,NA,4,M,3.1,1.7,NA,0,0,0,0,1,0,0,0,0,0,0,0,0,0,0,0,0,0,0
S37,2017,8/10/17,Slimy,14.5,34.2,NA,4,M,1,0.6,NA,0,0,0,1,0,0,0,1,0,0,0,0,0,0,0,0,0,0,0
S38,2017,8/12/17,Slimy,12.5,21.8,NA,3,M,0.7,NA,NA,0,1,1,0,0,1,0,0,0,0,0,1,1,0,0,0,0,0,0
S39,2017,8/12/17,Slimy,15.2,39.8,NA,3,M,0.9,0.2,NA,1,0,0,0,0,1,1,0,0,0,0,0,0,1,0,0,0,0,0
S4,2017,8/25/17,Slimy,15.8,55.5,NA,3,F,1.9,1.9,NA,0,1,0,0,0,0,0,0,1,0,0,0,0,0,0,0,0,0,0
S40,2017,8/12/17,Slimy,14.4,35.2,NA,3,F,0.8,0.7,NA,0,0,0,0,0,0,0,0,1,0,0,1,1,0,0,0,0,0,0
S41,2017,8/12/17,Slimy,14.8,43,NA,4,F,1.3,0.9,NA,0,0,0,1,0,0,0,0,0,0,0,0,1,0,0,0,0,0,0
S42,2017,8/12/17,Slimy,12.9,27.7,NA,3,M,0.5,0.7,NA,0,0,0,1,0,0,0,0,0,0,0,0,0,0,0,0,0,0,0
S43,2017,8/13/17,Slimy,12,18.5,NA,4,M,0.3,NA,NA,0,1,0,0,0,0,0,0,1,0,0,0,0,0,0,0,0,0,0
S44,2017,8/13/17,Slimy,9.8,11.9,NA,2,M,0.4,0.1,NA,0,0,1,0,0,0,0,0,0,0,0,0,0,0,0,0,0,0,0
S46,2017,8/13/17,Slimy,11.2,20.6,NA,5,M,0.4,0.2,NA,1,0,0,1,0,0,1,0,0,0,0,0,0,0,0,0,0,0,0
S47,2017,8/13/17,Slimy,15.9,65.8,NA,5,F,2.7,1.7,NA,0,1,1,1,0,0,0,0,0,1,0,0,1,0,0,0,0,0,0
S48,2017,8/13/17,Slimy,22.1,126.3,NA,2,F,2.3,2.2,NA,0,0,0,1,0,0,1,0,0,1,0,0,1,1,0,0,0,0,0
S49,2017,8/14/17,Slimy,17.5,68.5,NA,5,F,2.7,1.9,NA,0,1,0,0,0,0,0,0,0,0,0,0,0,0,0,0,0,0,0
S5,2017,8/25/17,Slimy,14.5,43.7,NA,4,M,1.1,0.4,NA,1,0,0,0,0,0,0,0,1,0,0,0,0,0,0,0,0,0,0
S50,2017,8/15/17,Slimy,17.4,78.7,NA,5,F,2.4,2,NA,0,1,0,1,0,0,1,0,0,1,0,0,1,0,0,0,0,0,0
S59,2017,8/16/17,Slimy,14,37.7,NA,5,F,0.4,0.5,NA,0,1,1,1,1,0,0,0,0,0,0,0,0,0,0,0,0,0,0
S6,2017,8/25/17,Slimy,14.6,42,NA,2,F,1.3,0.9,NA,0,1,0,0,1,0,0,0,0,0,0,0,0,0,0,0,0,0,0
S62,2017,8/17/17,Slimy,12.9,30.2,NA,3,M,1.2,0.2,NA,1,1,0,0,0,0,0,0,1,0,0,0,0,0,0,0,0,0,0
S63,2017,8/18/17,Slimy,16.5,58.2,NA,5,M,0.8,0.1,NA,1,0,0,0,0,0,1,0,0,0,0,0,0,0,0,0,0,0,0
S64,2017,8/18/17,Slimy,13.5,31.4,NA,4,M,0.7,0.1,NA,0,1,0,0,1,0,1,0,0,0,0,0,0,0,0,0,0,0,0
S65,2017,8/18/17,Slimy,14,29.8,NA,5,M,0.6,1,NA,1,0,0,0,0,1,1,0,0,0,0,0,0,0,0,0,0,0,0
S66,2017,8/18/17,Slimy,14.4,35.9,NA,4,F,1.6,0.8,NA,1,1,0,0,0,1,1,0,1,0,0,0,0,0,0,0,0,0,0
S7,2017,7/25/17,Slimy,12.2,23.8,NA,3,M,0.9,0.1,NA,0,1,0,0,0,0,0,0,1,0,0,0,0,0,0,0,0,0,0
S74,2017,8/21/17,Slimy,17.2,59.7,NA,2,M,1.1,1.6,NA,0,0,0,0,1,0,1,1,0,0,0,0,0,0,0,0,0,0,0
S84,2017,8/22/17,Slimy,15.5,52.8,NA,3,F,2.3,1.6,NA,0,0,1,1,0,0,1,0,0,1,0,0,0,0,0,0,0,0,0
S85,2017,8/22/17,Slimy,16,50.5,NA,1,F,1.7,1.1,NA,0,0,0,1,0,0,0,0,0,1,0,0,0,0,0,0,0,0,0
S86,2017,8/22/17,Slimy,21.5,107.3,NA,4,F,2.1,1,NA,0,0,0,0,1,0,1,0,0,0,0,0,1,0,0,0,0,0,0
S87,2017,8/23/17,Slimy,19.9,116.3,NA,4,F,6.5,8,NA,1,0,0,0,0,0,1,0,0,0,0,0,1,0,0,0,0,0,0
S89,2017,8/27/17,Slimy,13.5,35,NA,5,M,0.8,0.5,NA,0,0,0,1,0,1,1,0,0,0,0,0,1,0,0,0,0,0,0
S90,2017,8/27/17,Slimy,14.5,43,NA,3,M,1.3,0.2,NA,0,0,0,1,0,1,1,0,0,0,0,0,1,0,0,0,0,0,0
SSM059,2018,9/6/18,Fourhorn,24.6,139.9,2.486,3,F,8.5,11.5,0.3,0,0,1,1,1,0,0,0,0,0,0,0,0,0,0,0,0,0,0
SSM045,2018,8/26/18,Fourhorn,27.1,224.4,0.664,2,F,16.2,21,0.6,0,0,0,1,1,0,0,0,0,0,0,0,0,0,0,0,0,0,0
SSM005a,2018,8/1/18,Slimy,22,70,0.041,2,F,2.1,2.7,NA,0,1,0,0,0,0,0,0,0,0,0,0,0,0,0,0,0,0,0
SSM034,2018,8/20/18,Fourhorn,25.9,177.8,4.514,4,M,8.4,8.2,0.6,0,1,0,0,1,0,1,0,0,0,0,0,0,0,0,0,0,0,0
SSM044,2018,8/26/18,Slimy,11.4,20.3,0.19,2,F,0.6,0.2,0,0,0,1,0,1,0,0,0,0,0,0,0,0,0,0,0,0,0,0
SSM052,2018,9/2/18,Fourhorn,18.8,47.5,0.386,2,M,1,2.9,0.1,0,0,0,0,1,0,0,0,0,0,0,0,0,0,0,0,0,0,0
SSM054,2018,9/3/18,Fourhorn,18.7,57.3,1.257,3,F,1.9,1.3,0,1,1,1,0,0,0,0,0,0,0,0,0,0,0,0,0,0,0,0
SSM022,2018,8/9/18,Fourhorn,16.4,36.4,2.58,5,M,0.7,1.3,0,0,0,1,0,1,0,0,0,0,0,0,0,0,0,0,0,0,0,0
SSM035,2018,8/20/18,Fourhorn,19.5,66,6.645,5,M,2.2,2.1,0.1,1,0,1,1,1,0,1,0,0,0,0,0,0,0,0,0,0,0,0
SSM053,2018,9/3/18,Fourhorn,23.8,133.4,1.811,3,M,7.6,7.3,0.2,0,1,1,0,1,0,0,0,0,0,0,0,0,0,0,0,0,0,0
SSM030,2018,8/14/18,Fourhorn,16,32.5,0.087,2,F,0.8,0.5,0,1,0,1,0,0,0,0,0,0,0,0,0,0,0,0,0,0,0,0
SSM006,2018,8/3/18,Fourhorn,18.8,50,0.751,2,F,1.6,2.7,0,1,0,1,1,0,0,0,0,0,0,0,0,0,0,0,0,0,0,0
SSM023,2018,8/9/18,Fourhorn,14.8,25.6,0.315,3,M,0.3,0.1,0,0,0,0,1,1,0,0,0,0,0,0,0,0,0,0,0,0,0,0
SSM016,2018,8/8/18,Fourhorn,19.4,29.9,0.285,2,M,0.4,0.4,0,0,0,0,0,1,0,0,0,0,0,0,0,0,0,1,0,0,0,0
SSM048,2018,8/30/18,Fourhorn,24.5,126.8,0.965,2,M,4.7,4.4,0.2,0,0,0,0,1,0,0,0,0,0,0,0,0,0,0,0,0,0,0
SSM057,2018,9/4/18,Fourhorn,19,74.6,4.28,5,F,4.3,5.7,0.2,0,1,1,0,1,0,1,0,0,0,0,0,0,0,0,0,0,0,0
SSM005b,2018,8/2/18,Fourhorn,24,130,0.094,2,F,2.6,4.4,0.3,1,0,1,0,0,0,0,0,0,0,0,0,0,0,0,0,0,0,0
SSM046,2018,8/28/18,Fourhorn,27,237.5,15.738,5,F,15.7,16.6,1,1,0,1,0,1,0,0,0,0,0,0,0,0,0,0,0,0,0,0
SSM031,2018,8/20/18,Fourhorn,20.2,90.3,5.507,5,M,3.2,2.8,0.2,0,1,1,0,1,0,1,0,0,0,0,0,0,0,0,0,0,0,0
SSM007,2018,8/4/18,Fourhorn,25.6,220,19.563,5,F,11.6,9.7,0.4,1,0,1,0,0,0,0,0,0,0,0,0,0,0,0,0,0,0,0
SSM036,2018,8/20/18,Fourhorn,15.4,29.6,3.117,4,F,0.9,0.3,0,0,0,1,1,0,0,0,0,0,0,0,0,0,0,0,0,0,0,0
SSM027,2018,8/10/18,Fourhorn,18,54.7,2.98,4,F,1.6,2.4,0,0,1,1,0,1,0,0,1,0,0,0,0,0,0,0,0,0,0,0
SSM020,2018,8/9/18,Fourhorn,16,47.7,0.306,2,M,0.6,1.3,0,0,0,0,0,1,0,0,0,0,0,0,0,0,0,0,0,0,0,0
SSM012,2018,8/8/18,Slimy,NA,NA,0.054,2,F,1,0.4,0,0,0,0,0,1,0,0,0,0,0,0,0,0,0,0,0,0,0,0
SSM019,2018,8/9/18,Fourhorn,14,23.1,1.822,3,F,0.9,0.2,0,0,0,0,1,0,0,0,0,0,0,0,0,0,0,0,0,0,0,0
SSM014,2018,8/8/18,Fourhorn,28,51.3,0.738,2,F,5.5,4.3,0.4,0,0,0,1,1,0,0,0,0,0,0,0,0,0,0,0,0,0,0
SSM055,2018,9/4/18,Fourhorn,28.2,282.2,13.219,4,F,18,25.9,0.7,0,0,1,0,1,0,0,0,0,0,0,0,0,0,0,0,0,0,0
SSM037,2018,8/21/18,Fourhorn,26.2,181.5,6.771,4,M,3.9,3.2,0.6,0,0,1,0,1,0,1,0,0,0,0,0,0,0,0,0,0,0,0
SSM056,2018,9/4/18,Fourhorn,25.8,196.2,2.453,3,F,11,14.7,0.4,0,0,1,0,1,0,0,0,0,0,0,0,0,0,0,0,0,0,0
SSM041,2018,8/26/18,Fourhorn,20.8,94.9,4.041,4,M,4.3,5.4,0.2,0,1,1,0,1,0,1,0,0,0,0,0,0,0,0,0,0,0,0
SSM024b,2018,8/10/18,Fourhorn,24.8,92.8,1.783,3,M,4.2,4,0.4,0,0,0,0,1,0,0,0,0,1,0,0,0,0,0,0,0,0,0
SSM026,2018,8/10/18,Fourhorn,28.8,212.5,3.267,3,F,12.9,12.7,0.4,0,0,0,0,1,0,0,0,0,0,0,0,0,0,0,0,0,0,0
SSM038,2018,8/21/18,Slimy,13.8,20.7,0.833,4,M,0.5,0.3,0,0,0,0,0,1,0,0,0,0,0,0,0,0,0,0,0,0,0,0
SSM047,2018,8/30/18,Fourhorn,25.9,163.2,0.857,2,F,11.5,16.4,0.3,0,0,0,0,1,0,0,0,0,0,0,0,0,0,0,0,0,0,0
SSM032,2018,8/20/18,Fourhorn,25.2,197.1,12.521,5,M,6.8,8.9,0.4,0,0,1,1,1,0,1,0,0,0,0,0,0,0,0,0,0,0,0
SSM021,2018,8/9/18,Fourhorn,17,38.2,1.813,4,F,0.8,1,0,0,0,0,1,1,0,0,0,0,0,0,0,0,0,0,0,0,0,0
SSM039,2018,8/21/18,Slimy,15.4,56.2,2.751,4,F,2.3,2.6,0,0,0,1,0,1,0,1,0,0,0,0,0,0,0,0,0,0,0,0
SSM025,2018,8/10/18,Fourhorn,20.1,58.3,0.84,3,M,1.2,3.6,0.1,0,0,0,0,1,0,0,0,0,0,0,0,0,0,0,0,0,0,0
SSM040,2018,8/21/18,Fourhorn,20.8,80.3,1.937,3,F,3.5,3.6,0,0,0,0,1,1,0,0,0,0,0,0,0,0,0,0,0,0,0,0
SSM009,2018,8/7/18,Fourhorn,21.2,110,1.107,3,F,7.3,5,0.2,0,0,0,0,1,0,0,0,0,0,0,0,0,0,0,0,0,0,0
SSM058,2018,9/6/18,Fourhorn,24.8,184.8,4.402,3,F,14.9,23.5,0.4,0,0,1,0,1,0,0,0,0,0,0,0,0,0,0,0,0,0,0
SSM043,2018,8/26/18,Slimy,17.9,82.3,0.325,2,F,4.7,4.5,0,0,0,0,1,1,0,0,0,0,0,0,0,0,0,0,0,0,0,0
SSM018,2018,8/9/18,Fourhorn,25.6,167.6,1.475,2,F,8.3,9.3,0.3,0,0,0,0,1,0,0,0,0,0,0,0,0,0,0,0,0,0,0
SSM004,2018,7/31/18,Fourhorn,27.5,150,5.187,3,F,7.7,6.7,0.2,0,0,1,0,0,0,0,0,0,0,1,0,0,0,0,0,0,0,0
SSM002,2018,7/31/18,Fourhorn,26.1,100,3.468,3,F,6.9,7.1,0.2,0,0,0,0,1,0,0,0,0,0,0,0,0,0,0,0,0,0,0
SSM024a,2018,8/9/18,Fourhorn,11.8,13.9,1.296,5,M,0.4,0.6,0,0,0,0,0,1,0,0,0,0,0,0,0,0,0,0,0,0,0,0
SSM013,2018,8/8/18,Fourhorn,30,35.1,0.471,3,F,0.7,1.1,0,0,0,0,0,1,0,0,0,0,0,0,0,0,0,0,0,0,0,0
SSM017,2018,8/8/18,Fourhorn,25,100,2.336,3,F,3.4,4.1,0.4,0,0,0,0,1,0,0,0,0,0,0,0,0,0,0,0,0,0,0
SSM033,2018,8/20/18,Fourhorn,20.4,65.7,4.391,4,F,1.9,1.3,0.1,1,0,0,1,0,0,1,0,0,0,0,0,0,0,0,0,0,0,0
SSM060,2019,8/12/19,Fourhorn,13.32,16.9,0.1,NA,M,0.1,0.9,0,1,0,1,1,0,0,0,0,0,0,0,0,0,0,0,0,0,0,0
SSM062,2019,8/13/19,Fourhorn,14.83,25.5,0.8,NA,M,0.3,1.4,0,0,1,0,0,0,0,1,0,0,0,0,0,0,0,0,0,0,0,0
SSM061,2019,8/13/19,Fourhorn,14.63,23,0.2,NA,M,0.3,0.2,0,0,1,0,0,0,0,0,0,0,0,0,0,0,0,0,0,0,0,0
SSM064,2019,8/15/19,Fourhorn,16.6,29.4,0.6,NA,F,0,0.5,0,1,0,1,0,1,0,0,0,0,0,0,0,0,0,0,0,0,0,0
SSM067,2019,8/16/19,Fourhorn,15.2,26.2,0,NA,M,0.4,1.4,0,0,0,0,0,1,0,0,0,0,0,0,0,0,0,0,0,0,0,0
SSM065,2019,8/16/19,Fourhorn,16.4,29,0.2,NA,F,0.3,0.6,0,1,0,0,0,0,0,0,0,0,0,0,0,0,0,0,0,0,0,0
SSM066,2019,8/16/19,Fourhorn,13.24,18.2,1.4,NA,F,0.1,0.2,0,0,0,1,1,0,0,0,0,0,1,0,0,0,0,0,0,0,0,0
SSM072,2019,8/18/19,Fourhorn,14.55,22.4,0.8,NA,F,0.2,0.2,0,1,0,0,0,0,0,1,0,0,0,0,0,0,0,0,0,0,0,0
SSM070,2019,8/18/19,Fourhorn,13.42,17,0.4,NA,M,0.3,0.5,0,1,0,0,0,1,0,1,0,0,0,0,0,0,0,0,0,0,0,0
SSM071,2019,8/18/19,Fourhorn,12.59,16.8,1.4,NA,F,0.3,0.2,0,1,1,0,0,0,0,1,0,0,0,0,0,0,0,0,0,0,0,0
SSM069,2019,8/18/19,Fourhorn,15.02,27.5,0.8,NA,F,0.3,0.3,0,0,0,0,0,0,0,1,0,0,0,0,0,0,0,0,0,0,0,0
SSM068,2019,8/18/19,Fourhorn,13.9,21.8,1.4,NA,F,0.3,0.2,0,0,1,0,1,0,0,1,0,0,0,0,0,0,0,0,0,0,0,0
SSM073,2019,8/19/19,Fourhorn,14.98,27.1,1.2,NA,F,0.2,0.3,0,1,1,0,1,1,0,1,0,0,0,0,0,0,0,0,0,0,0,0
SSM074,2019,8/19/19,Fourhorn,13.6,16.8,0,NA,F,0.1,0.2,0,0,0,0,0,1,0,0,0,0,0,0,0,0,0,0,0,0,0,0
SSM075,2019,8/19/19,Fourhorn,13.04,16.1,0.2,NA,M,0.2,0,0,1,0,0,0,1,0,0,0,0,0,0,0,0,0,0,0,0,0,0
SSM076,2019,8/21/19,Slimy,12.09,23.2,2.3,NA,M,0.7,0,0,0,0,0,1,0,0,0,0,0,0,0,0,0,0,0,0,0,0,0
TCH01,2017,7/19/17,Arctic char,72,3000,NA,NA,F,NA,NA,NA,0,0,0,0,1,0,0,0,0,0,0,0,0,0,0,0,0,0,0
TCH03,2017,7/19/17,Arctic char,70,2700,NA,NA,M,NA,NA,NA,0,0,0,0,1,0,0,0,0,0,0,0,0,0,0,0,0,0,0
TCH04,2017,7/19/17,Arctic char,80,5600,NA,5,M,NA,NA,NA,0,0,0,0,1,0,0,0,0,0,0,0,0,0,0,0,0,0,0
TCH05,2017,7/19/17,Arctic char,54,1400,NA,NA,F,NA,NA,NA,0,0,0,0,1,0,0,0,0,0,0,0,0,0,0,0,0,0,0
TCH02,2017,7/19/17,Arctic char,64,2100,NA,NA,F,NA,NA,NA,1,0,0,0,0,0,0,0,0,0,0,0,0,0,0,0,0,0,0
TCH07,2017,7/19/17,Arctic char,68,3100,NA,5,M,NA,NA,NA,1,0,0,0,0,0,0,0,0,0,0,0,0,0,0,0,0,0,0
TCH06,2017,7/19/17,Arctic char,69,2700,NA,2,M,NA,NA,NA,0,0,0,0,1,0,0,0,0,0,0,0,0,0,0,0,0,0,0
Char 08,2017,7/25/17,Arctic char,40,500,NA,2,F,9.5,0.9,NA,1,0,0,0,0,0,0,0,1,0,0,0,0,0,0,0,0,0,0
Char 09,2017,7/25/17,Arctic char,65.2,2505,NA,2,M,44.3,NA,NA,1,0,0,0,0,0,0,0,0,0,0,0,0,0,0,0,0,0,0
Char 56,2017,8/7/17,Arctic char,71,3400,NA,4,M,56.4,0.3,NA,1,0,0,1,0,0,0,0,0,0,0,0,0,0,0,1,0,0,0
Char 54,2017,8/7/17,Arctic char,33.2,8.2,NA,2,I,NA,NA,NA,1,0,0,0,1,1,1,0,0,0,0,0,0,0,0,0,0,0,0
Char 58,2017,8/8/17,Arctic char,58,1550,NA,NA,M,22.3,NA,NA,0,0,0,1,0,1,0,0,0,0,0,0,0,0,0,0,0,0,0
Char 69,2017,8/9/17,Arctic char,35.5,450,NA,1,M,9.7,NA,NA,1,0,0,0,0,1,0,0,0,0,0,0,0,0,0,0,0,0,0
Char 63,2017,8/9/17,Arctic char,59.5,1800,NA,5,F,30.6,12,NA,1,0,0,0,0,0,0,0,0,0,0,0,0,0,0,0,0,0,0
Char 66,2017,8/9/17,Arctic char,53.7,1500,NA,2,F,24.8,7.2,NA,0,0,0,0,0,0,0,0,0,0,0,0,0,0,0,1,0,0,0
Char 65,2017,8/9/17,Arctic char,65.3,2900,NA,4,M,58.5,2,NA,1,0,0,0,0,0,0,0,0,0,0,0,0,0,0,0,0,0,0
Char 62,2017,8/9/17,Arctic char,54.5,1300,NA,3,M,27.6,2.1,NA,1,0,0,0,0,1,0,0,0,0,0,0,0,0,0,1,0,0,0
Char 61,2017,8/9/17,Arctic char,57.5,1300,NA,3,M,15.6,NA,NA,1,0,0,0,0,1,0,0,0,0,0,0,0,0,0,0,0,0,0
Char 60,2017,8/9/17,Arctic char,61.5,2100,NA,4,F,44.1,16.2,NA,1,0,0,0,0,1,0,0,0,0,0,0,0,0,0,0,0,0,0
Char 68,2017,8/9/17,Arctic char,60,1900,NA,4,M,33.6,5.2,NA,1,0,0,0,0,0,0,0,0,0,0,0,0,0,0,1,0,0,0
Char 88,2017,8/12/17,Arctic char,56.5,1650,NA,5,M,28.6,3.8,NA,1,0,0,1,0,1,0,0,0,0,0,0,0,0,0,0,0,0,0
Char 86,2017,8/12/17,Arctic char,53.5,1450,NA,4,M,26.7,0.17,NA,1,0,0,0,0,1,0,0,0,0,0,0,0,0,0,0,0,0,0
Char 89,2017,8/12/17,Arctic char,55,1625,NA,5,M,28.2,1.1,NA,1,0,0,0,0,1,1,0,0,0,0,0,0,0,0,0,0,0,0
Char 87,2017,8/12/17,Arctic char,57,1600,NA,5,F,28.2,14.7,NA,1,0,0,1,0,1,0,0,0,0,0,0,0,0,0,0,0,0,0
Char 90,2017,8/12/17,Arctic char,61,1850,NA,5,M,42.6,5.1,NA,1,0,0,0,0,0,0,0,0,0,0,0,0,0,0,1,0,0,0
Char 129,2017,8/14/17,Arctic char,38.5,550,NA,2,M,10.5,0.4,NA,1,0,0,0,1,0,0,0,0,0,0,0,0,0,0,0,0,0,0
Char 121,2017,8/14/17,Arctic char,65.2,2700,NA,3,M,43.2,2.4,NA,1,1,1,0,0,0,1,0,0,0,0,0,0,0,0,0,0,0,0
Char 126,2017,8/14/17,Arctic char,NA,3600,NA,4,M,81.5,4.7,NA,1,0,0,0,0,0,0,0,0,0,0,0,0,0,0,1,1,0,0
Char 116,2017,8/14/17,Arctic char,NA,NA,NA,2,F,34.5,25.6,NA,0,1,0,1,0,1,1,0,0,0,0,0,0,0,0,0,0,0,0
Char 132,2017,8/14/17,Arctic char,59,1300,NA,4,F,27,NA,NA,1,0,0,0,0,0,1,0,0,0,0,0,0,0,0,1,0,0,0
Char 112,2017,8/14/17,Arctic char,29.5,237.2,NA,3,F,5.3,0.5,NA,1,0,0,1,0,0,0,0,0,0,0,0,0,0,0,0,0,0,0
Char 138,2017,8/15/17,Arctic char,17,41.2,NA,3,I,0.8,NA,NA,0,0,0,1,0,0,1,0,0,0,0,0,0,0,0,0,0,0,0
Char 150,2017,8/22/17,Arctic char,79.5,4850,NA,2,F,166.5,56.2,NA,1,0,0,0,0,0,0,0,0,0,0,0,0,0,0,1,0,0,0
Char 154,2017,9/1/17,Arctic char,81.3,5100,NA,1,M,72.2,9.7,NA,0,0,0,0,0,1,1,0,0,0,0,0,0,0,0,0,1,0,0
Char 156,2017,9/4/17,Arctic char,16,34.6,NA,3,M,0.5,NA,NA,0,0,0,1,0,0,1,0,0,0,0,0,0,0,0,0,0,0,0
SSS001,2018,7/20/18,Arctic char,90,6000,237.8,NA,NA,NA,NA,NA,0,1,0,0,0,1,0,0,0,0,0,0,0,0,0,0,0,0,0
SSS002,2018,7/23/18,Arctic char,62,1800,27.8,NA,NA,NA,NA,NA,0,0,0,0,1,0,0,0,0,0,0,0,0,0,0,0,0,0,0
SSS003,2018,7/26/18,Arctic char,NA,NA,97.9,NA,NA,NA,NA,NA,0,0,0,0,0,0,0,0,0,0,0,0,0,0,0,1,0,0,0
SSS004,2018,7/29/18,Arctic char,67,2350,61.3,4,NA,46,24.3,NA,0,0,1,1,0,0,0,0,0,0,0,0,0,0,0,0,1,0,0
SSS005,2018,7/30/18,Arctic char,73.2,2700,20.6,2,M,52.8,8.5,NA,0,0,0,0,0,1,0,0,0,0,0,0,0,0,0,0,0,0,0
SSS006,2018,7/30/18,Arctic char,86,4550,178.2,2,M,101.9,11.1,NA,0,1,1,0,1,0,0,0,1,0,0,0,0,0,0,0,0,1,0
SSS007,2018,7/30/18,Arctic char,85,5600,229.8,2,M,115.6,9.6,10.7,0,0,1,0,1,0,0,0,0,0,0,0,0,0,0,0,0,0,0
SSS008,2018,7/30/18,Arctic char,63.2,1750,53,2,F,32.1,15.6,2.5,0,0,0,0,0,1,0,0,0,0,0,0,0,0,0,0,0,0,0
SSS009,2018,8/1/18,Arctic char,72.4,2400,55.7,3,M,40.1,6.6,4,0,0,1,0,1,0,0,0,0,0,0,0,0,0,0,0,0,0,0
SSS010,2018,8/2/18,Arctic char,65.4,2020,79.8,2,M,30.4,4.3,4.6,0,1,1,1,0,0,0,0,0,0,0,0,0,0,0,0,0,0,0
SSS011,2018,8/2/18,Arctic char,66.8,1800,13,2,F,35,19.6,3.9,0,0,1,0,0,0,1,0,0,0,0,0,0,0,0,0,0,0,0
SSS012,2018,8/4/18,Arctic char,67,NA,15,2,M,34.3,5.7,5.1,0,0,1,1,0,0,0,0,0,0,0,0,0,0,0,0,0,0,0
SSS013,2018,8/4/18,Arctic char,59,1940,12.8,2,F,40.7,11.4,4.1,0,0,0,0,1,0,0,0,0,0,0,0,0,0,0,0,0,0,0
SSS014,2018,8/4/18,Arctic char,63.2,2250,27.1,2,F,45.2,17.3,4.2,0,0,1,1,0,0,0,0,0,0,0,0,0,0,0,0,0,0,0
SSS015,2018,8/6/18,Arctic char,79,4000,56.1,3,M,65.6,10,NA,0,1,1,0,0,0,1,0,0,0,0,0,0,0,0,0,1,0,0
SSS016,2018,8/6/18,Arctic char,75,3720,29.2,2,M,51.8,7.5,5.5,0,0,1,0,1,0,0,0,0,0,0,0,0,0,0,0,0,0,0
SSS017A,2018,8/6/18,Arctic char,90.8,5550,45.9,2,M,89.8,11.7,18,0,0,1,1,1,0,0,0,0,0,0,0,0,0,0,0,0,0,0
SSS017B,2018,8/8/18,Arctic char,76,3150,33.6,3,F,64.5,43.2,10,0,0,1,0,1,0,0,0,1,0,0,0,0,0,0,0,0,0,0
SSS018,2018,8/8/18,Arctic char,41.4,620,14.2,3,F,11,1.1,1,0,0,0,1,1,1,1,0,0,0,0,0,0,0,0,0,0,0,0
SSS019,2018,8/14/18,Arctic char,82,4350,52.8,2,F,80.6,45.6,9.9,0,1,1,0,1,0,0,0,0,0,0,0,0,0,0,0,0,0,0
SSS020,2018,8/19/18,Arctic char,83,6600,136.1,5,M,145.3,11.2,12.2,0,0,1,0,0,0,1,0,0,0,0,0,0,0,0,0,0,0,0
SSS022,2018,8/28/18,Arctic char,77.6,3900,141.5,4,M,82.9,52.6,18.3,0,0,0,0,0,0,0,0,0,0,0,0,0,0,0,0,1,0,0
SSS23,2019,8/8/19,Arctic char,64,2350,62,NA,F,51.1,14.3,3.5,0,0,1,1,0,1,1,0,0,0,0,0,0,0,0,0,0,0,1
SSS24,2019,8/8/19,Arctic char,66.2,3400,106.9,NA,M,77.7,2.9,4.7,0,0,1,0,0,1,1,0,0,0,0,0,0,0,0,0,0,0,1
SSS25,2019,8/8/19,Arctic char,61.8,2700,86.2,NA,F,57.2,20.7,3.8,0,0,1,0,0,1,1,0,0,0,0,0,0,0,0,0,0,0,1
SSS26,2019,8/8/19,Arctic char,68,3100,84.1,NA,M,65.1,7.2,5.3,0,0,1,0,0,0,1,0,0,0,0,0,0,0,0,0,0,0,0
SSS27,2019,8/10/19,Arctic char,65.4,2950,150,NA,M,63.1,1.1,5.4,0,0,0,0,0,1,1,0,0,0,0,0,0,0,0,0,0,0,1
SSS28,2019,8/10/19,Arctic char,67,3200,160.6,NA,F,83.8,30.5,7.3,0,0,1,0,0,1,1,0,0,0,0,0,0,0,0,0,0,0,1
SSS29,2019,8/10/19,Arctic char,67.2,3800,243.8,NA,F,107,28.5,7.2,0,0,1,0,0,1,1,0,0,0,0,0,0,0,0,0,0,0,1
SSS30,2019,8/10/19,Arctic char,64.6,2850,158.7,NA,F,57.5,18.5,4.3,0,0,1,0,1,1,1,0,0,0,0,0,0,0,0,0,0,0,1
SSS31,2019,8/10/19,Arctic char,64,2950,171.1,NA,M,56.8,6.3,6.2,0,0,0,1,0,1,0,0,0,0,0,0,0,0,0,1,0,0,1
SSS32,2019,8/10/19,Arctic char,62.8,2800,174.6,NA,M,59.9,1.8,4.8,0,0,1,0,0,1,0,0,0,0,0,0,0,0,0,0,0,0,1
SSS33,2019,8/10/19,Arctic char,61.2,2500,136.4,NA,M,51.1,2.3,4,0,0,1,0,0,1,1,0,0,0,0,0,0,0,0,0,0,0,1
SSS34,2019,8/10/19,Arctic char,71,3650,98.1,NA,M,67.8,3.7,7.3,0,0,1,1,0,0,1,0,0,0,0,0,0,0,0,0,0,0,1
SSS35,2019,8/11/19,Arctic char,66.4,3250,59.1,NA,F,67.4,34.5,6.6,0,0,0,0,0,1,1,0,0,0,0,0,0,0,0,0,0,0,1
SSS36,2019,8/11/19,Arctic char,79.2,5100,80.4,NA,F,114.5,58.5,9.8,0,0,0,0,1,0,0,0,0,0,0,0,0,0,1,0,0,0,1
SSS37,2019,8/11/19,Arctic char,71.4,4450,112.7,NA,M,95.6,4.1,9,0,0,0,0,0,0,1,0,0,0,0,0,0,0,0,0,0,0,1
SSS38,2019,8/11/19,Arctic char,64.4,2700,100.7,NA,M,50.6,1.8,4,0,0,1,0,0,0,1,0,0,0,0,0,0,0,0,0,0,0,1
SSS39,2019,8/11/19,Arctic char,44.6,900,51.2,NA,J,18.9,0.2,2,0,0,1,1,0,1,1,0,0,0,0,0,0,0,0,0,0,0,1
SSS40,2019,8/11/19,Arctic char,70,3300,170.3,NA,F,84.8,21.7,6.7,0,0,1,0,0,1,1,0,0,0,0,0,0,0,0,0,0,1,1
SSS41,2019,8/12/19,Arctic char,73,3850,159,NA,F,90.9,16.8,7.8,0,0,1,0,0,0,1,0,0,0,0,0,0,0,0,1,0,0,1
SSS42,2019,8/12/19,Arctic char,64.6,3250,121.4,NA,F,83.2,18.7,6.2,0,0,1,1,0,0,1,0,0,0,0,0,0,0,0,1,0,0,1
SSS43,2019,8/13/19,Arctic char,75.2,4300,114,NA,M,75.5,6.6,3,0,0,0,1,0,0,1,0,0,0,0,0,0,0,0,1,0,0,0
SSS44,2019,8/13/19,Arctic char,48.6,1300,58.4,NA,M,23.6,0.4,2.5,0,0,1,1,0,0,0,0,0,0,0,0,0,0,0,1,0,0,1
SSS45,2019,8/13/19,Arctic char,72.8,4050,106,NA,M,101.5,2,7.1,0,0,1,1,0,1,1,0,0,0,0,0,0,0,0,0,0,0,1
SSS46,2019,8/13/19,Arctic char,63,2650,97.2,NA,F,70.1,19,7.5,0,0,0,1,0,0,1,0,0,0,0,0,0,0,0,1,0,0,1
SSS48,2019,8/13/19,Arctic char,80.2,4950,77.1,NA,M,126.4,7.3,9.3,0,0,0,0,0,0,1,0,0,0,0,0,0,0,0,0,0,0,1
SSS49,2019,8/13/19,Arctic char,68.6,3400,146,NA,F,97,34,6.3,0,0,1,1,0,0,1,0,0,0,0,0,0,0,0,0,0,0,1
SSS50,2019,8/13/19,Arctic char,46,1050,41.6,NA,F?,23.1,NA,1.4,0,0,1,0,0,0,1,0,0,0,0,0,0,0,0,1,0,0,0
SSS51,2019,8/13/19,Arctic char,61.2,2550,112.1,NA,M,51,1.9,4.1,0,0,1,0,0,0,1,0,0,0,0,0,0,0,0,0,0,0,1
SSS52,2019,8/14/19,Arctic char,50.6,1350,55.8,NA,J,21.4,NA,1,0,0,0,0,0,0,1,0,0,0,0,0,0,0,0,0,0,0,1
SSS53,2019,8/14/19,Arctic char,42.4,700,22.6,NA,M,14.6,1,1.5,0,0,0,0,0,0,0,0,0,0,0,0,0,0,0,0,0,0,1